<?xml version="1.0"?>
<ruleset name="MyStandard">
    <description>My custom coding standard.</description>
    <rule ref="PEAR">
        <exclude name="PEAR.Commenting.FileComment.Missing"/>
        <exclude name="PEAR.Commenting.ClassComment.Missing"/>
        <exclude name="PEAR.Commenting.FunctionComment.Missing"/>
        <exclude name="PEAR.Commenting.FunctionComment.MissingParamComment"/>
        <exclude name="Generic.Commenting.DocComment.NonParamGroup"/>
    </rule>
</ruleset>